Year,Movie,War, SciFi, Horror, Western, FilmNoir, Drama, Musical, Sport, Fantasy, Family, Romance, Action, Animation, Crime, Thriller, Adventure, Music, Comedy, Mystery, Biography, History,Oscar
2017 , Moonlight,0,0,0,0,0,1.0,0,0,0,0,0,0,0,0,0,0,0,0,0,0,0,1
2017 , Arrival,0,0.25,0,0,0,0.25,0,0,0,0,0,0,0,0,0.25,0,0,0,0.25,0,0,0
2017 , Fences,0,0,0,0,0,1.0,0,0,0,0,0,0,0,0,0,0,0,0,0,0,0,0
2017 , Hacksaw Ridge,0.25,0,0,0,0,0.25,0,0,0,0,0,0,0,0,0,0,0,0,0,0.25,0.25,0
2017 , Hell or High Water,0,0,0,0.3333333333333333,0,0.3333333333333333,0,0,0,0,0,0,0,0.3333333333333333,0,0,0,0,0,0,0,0
2017 , Hidden Figures,0,0,0,0,0,0.3333333333333333,0,0,0,0,0,0,0,0,0,0,0,0,0,0.3333333333333333,0.3333333333333333,0
2017 , La La Land,0,0,0,0,0,0.2,0.2,0,0,0,0.2,0,0,0,0,0,0.2,0.2,0,0,0,0
2017 , Lion,0,0,0,0,0,0.5,0,0,0,0,0,0,0,0,0,0,0,0,0,0.5,0,0
2017 , Manchester by the Sea,0,0,0,0,0,1.0,0,0,0,0,0,0,0,0,0,0,0,0,0,0,0,0
2016 , Spotlight,0,0,0,0,0,0.3333333333333333,0,0,0,0,0,0,0,0.3333333333333333,0,0,0,0,0,0,0.3333333333333333,1
2016 , The Revenant,0,0,0,0.25,0,0.25,0,0,0,0,0,0,0,0,0.25,0.25,0,0,0,0,0,0
2016 , Room,0,0,0,0,0,1.0,0,0,0,0,0,0,0,0,0,0,0,0,0,0,0,0
2016 , Brooklyn,0,0,0,0,0,0.5,0,0,0,0,0.5,0,0,0,0,0,0,0,0,0,0,0
2016 , Bridge of Spies,0,0,0,0,0,0.3333333333333333,0,0,0,0,0,0,0,0,0.3333333333333333,0,0,0,0,0,0.3333333333333333,0
2016 , The Martian,0,0.3333333333333333,0,0,0,0.3333333333333333,0,0,0,0,0,0,0,0,0,0.3333333333333333,0,0,0,0,0,0
2016 , Mad Max: Fury Road,0,0.25,0,0,0,0,0,0,0,0,0,0.25,0,0,0.25,0.25,0,0,0,0,0,0
2016 , The Big Short,0,0,0,0,0,0.25,0,0,0,0,0,0,0,0,0,0,0,0.25,0,0.25,0.25,0
2015 , Birdman or (The Unexpected Virtue of Ignorance),0,0,0,0,0,0.3333333333333333,0,0,0,0,0.3333333333333333,0,0,0,0,0,0,0.3333333333333333,0,0,0,1
2015 , American Sniper,0.16666666666666666,0,0,0,0,0.16666666666666666,0,0,0,0,0,0.16666666666666666,0,0,0.16666666666666666,0,0,0,0,0.16666666666666666,0.16666666666666666,0
2015 , Boyhood,0,0,0,0,0,1.0,0,0,0,0,0,0,0,0,0,0,0,0,0,0,0,0
2015 , The Imitation Game,0.25,0,0,0,0,0.25,0,0,0,0,0,0,0,0,0.25,0,0,0,0,0.25,0,0
2015 , The Grand Budapest Hotel,0,0,0,0,0,0.3333333333333333,0,0,0,0,0,0,0,0,0,0.3333333333333333,0,0.3333333333333333,0,0,0,0
2015 , Selma,0,0,0,0,0,0.3333333333333333,0,0,0,0,0,0,0,0,0,0,0,0,0,0.3333333333333333,0.3333333333333333,0
2015 , The Theory of Everything,0,0,0,0,0,0.3333333333333333,0,0,0,0,0.3333333333333333,0,0,0,0,0,0,0,0,0.3333333333333333,0,0
2015 , Whiplash,0,0,0,0,0,0.5,0,0,0,0,0,0,0,0,0,0,0.5,0,0,0,0,0
2014 , 12 Years a Slave,0,0,0,0,0,0.3333333333333333,0,0,0,0,0,0,0,0,0,0,0,0,0,0.3333333333333333,0.3333333333333333,1
2014 , The Wolf of Wall Street,0,0,0,0,0,0.25,0,0,0,0,0,0,0,0.25,0,0,0,0.25,0,0.25,0,0
2014 , American Hustle,0,0,0,0,0,0.5,0,0,0,0,0,0,0,0.5,0,0,0,0,0,0,0,0
2014 , Nebraska,0,0,0,0,0,0.3333333333333333,0,0,0,0,0,0,0,0,0,0.3333333333333333,0,0.3333333333333333,0,0,0,0
2014 , Captain Phillips,0,0,0,0,0,0.3333333333333333,0,0,0,0,0,0,0,0,0.3333333333333333,0,0,0,0,0.3333333333333333,0,0
2014 , Philomena,0,0,0,0,0,0.5,0,0,0,0,0,0,0,0,0,0,0,0,0,0.5,0,0
2014 , Dallas Buyers Club,0,0,0,0,0,0.5,0,0,0,0,0,0,0,0,0,0,0,0,0,0.5,0,0
2014 , Gravity,0,0.25,0,0,0,0.25,0,0,0,0,0,0,0,0,0.25,0.25,0,0,0,0,0,0
2014 , Her,0,0.3333333333333333,0,0,0,0.3333333333333333,0,0,0,0,0.3333333333333333,0,0,0,0,0,0,0,0,0,0,0
2013 , Argo,0,0,0,0,0,0.25,0,0,0,0,0,0,0,0,0.25,0,0,0,0,0.25,0.25,1
2013 , Amour,0,0,0,0,0,0.5,0,0,0,0,0.5,0,0,0,0,0,0,0,0,0,0,0
2013 , Beasts of the Southern Wild,0,0,0,0,0,0.5,0,0,0.5,0,0,0,0,0,0,0,0,0,0,0,0,0
2013 , Django Unchained,0,0,0,0.5,0,0.5,0,0,0,0,0,0,0,0,0,0,0,0,0,0,0,0
2013 , Les Misérables,0,0,0,0,0,0.3333333333333333,0.3333333333333333,0,0,0,0.3333333333333333,0,0,0,0,0,0,0,0,0,0,0
2013 , Life of Pi,0,0,0,0,0,0.3333333333333333,0,0,0.3333333333333333,0,0,0,0,0,0,0.3333333333333333,0,0,0,0,0,0
2013 , Lincoln,0.25,0,0,0,0,0.25,0,0,0,0,0,0,0,0,0,0,0,0,0,0.25,0.25,0
2013 , Silver Linings Playbook,0,0,0,0,0,0.3333333333333333,0,0,0,0,0.3333333333333333,0,0,0,0,0,0,0.3333333333333333,0,0,0,0
2013 , Zero Dark Thirty,0,0,0,0,0,0.3333333333333333,0,0,0,0,0,0,0,0,0.3333333333333333,0,0,0,0,0,0.3333333333333333,0
2012 , The Artist,0,0,0,0,0,0.3333333333333333,0,0,0,0,0.3333333333333333,0,0,0,0,0,0,0.3333333333333333,0,0,0,1
2012 , The Tree of Life,0,0,0,0,0,0.5,0,0,0.5,0,0,0,0,0,0,0,0,0,0,0,0,0
2012 , The Descendants,0,0,0,0,0,0.5,0,0,0,0,0,0,0,0,0,0,0,0.5,0,0,0,0
2012 , Extremely Loud & Incredibly Close,0,0,0,0,0,0.3333333333333333,0,0,0,0,0,0,0,0,0,0.3333333333333333,0,0,0.3333333333333333,0,0,0
2012 , The Help,0,0,0,0,0,1.0,0,0,0,0,0,0,0,0,0,0,0,0,0,0,0,0
2012 , Hugo,0,0,0,0,0,0.16666666666666666,0,0,0.16666666666666666,0.16666666666666666,0.16666666666666666,0,0,0,0,0.16666666666666666,0,0,0.16666666666666666,0,0,0
2012 , Midnight in Paris,0,0,0,0,0,0,0,0,0.3333333333333333,0,0.3333333333333333,0,0,0,0,0,0,0.3333333333333333,0,0,0,0
2012 , Moneyball,0,0,0,0,0,0.3333333333333333,0,0.3333333333333333,0,0,0,0,0,0,0,0,0,0,0,0.3333333333333333,0,0
2012 , War Horse,0.5,0,0,0,0,0.5,0,0,0,0,0,0,0,0,0,0,0,0,0,0,0,0
2011 , The King's Speech,0,0,0,0,0,0.5,0,0,0,0,0,0,0,0,0,0,0,0,0,0.5,0,1
2011 , 127 Hours,0,0,0,0,0,0.25,0,0,0,0,0,0,0,0,0.25,0.25,0,0,0,0.25,0,0
2011 , Black Swan,0,0,0,0,0,0.5,0,0,0,0,0,0,0,0,0.5,0,0,0,0,0,0,0
2011 , The Fighter,0,0,0,0,0,0.3333333333333333,0,0.3333333333333333,0,0,0,0,0,0,0,0,0,0,0,0.3333333333333333,0,0
2011 , Inception,0,0.25,0,0,0,0,0,0,0,0,0,0.25,0,0,0.25,0.25,0,0,0,0,0,0
2011 , The Kids Are All Right,0,0,0,0,0,0.3333333333333333,0,0,0,0,0.3333333333333333,0,0,0,0,0,0,0.3333333333333333,0,0,0,0
2011 , The Social Network,0,0,0,0,0,0.5,0,0,0,0,0,0,0,0,0,0,0,0,0,0.5,0,0
2011 , Toy Story 3,0,0,0,0,0,0,0,0,0.2,0.2,0,0,0.2,0,0,0.2,0,0.2,0,0,0,0
2011 , True Grit,0,0,0,0.3333333333333333,0,0.3333333333333333,0,0,0,0,0,0,0,0,0,0.3333333333333333,0,0,0,0,0,0
2011 , Winter's Bone,0,0,0,0,0,1.0,0,0,0,0,0,0,0,0,0,0,0,0,0,0,0,0
2010 , The Hurt Locker,0.25,0,0,0,0,0.25,0,0,0,0,0,0,0,0,0.25,0,0,0,0,0,0.25,1
2010 , A Serious Man,0,0,0,0,0,0.5,0,0,0,0,0,0,0,0,0,0,0,0.5,0,0,0,0
2010 , An Education,0,0,0,0,0,1.0,0,0,0,0,0,0,0,0,0,0,0,0,0,0,0,0
2010 , Avatar,0,0.25,0,0,0,0,0,0,0.25,0,0,0.25,0,0,0,0.25,0,0,0,0,0,0
2010 , District 9,0,0.3333333333333333,0,0,0,0,0,0,0,0,0,0.3333333333333333,0,0,0.3333333333333333,0,0,0,0,0,0,0
2010 , Inglourious Basterds,0.3333333333333333,0,0,0,0,0.3333333333333333,0,0,0,0,0,0,0,0,0,0.3333333333333333,0,0,0,0,0,0
2010 , Precious,0,0,0,0,0,1.0,0,0,0,0,0,0,0,0,0,0,0,0,0,0,0,0
2010 , The Blind Side,0,0,0,0,0,0.3333333333333333,0,0.3333333333333333,0,0,0,0,0,0,0,0,0,0,0,0.3333333333333333,0,0
2010 , Up,0,0,0,0,0,0,0,0,0,0.25,0,0,0.25,0,0,0.25,0,0.25,0,0,0,0
2010 , Up in the Air,0,0,0,0,0,0.5,0,0,0,0,0.5,0,0,0,0,0,0,0,0,0,0,0
2009 , Slumdog Millionaire,0,0,0,0,0,1.0,0,0,0,0,0,0,0,0,0,0,0,0,0,0,0,1
2009 , The Curious Case of Benjamin Button,0,0,0,0,0,0.3333333333333333,0,0,0.3333333333333333,0,0.3333333333333333,0,0,0,0,0,0,0,0,0,0,0
2009 , Frost/Nixon,0,0,0,0,0,0.5,0,0,0,0,0,0,0,0,0,0,0,0,0,0.5,0,0
2009 , Milk,0,0,0,0,0,0.25,0,0,0,0,0.25,0,0,0,0,0,0,0,0,0.25,0.25,0
2009 , The Reader,0,0,0,0,0,0.5,0,0,0,0,0.5,0,0,0,0,0,0,0,0,0,0,0
2008 , No Country for Old Men,0,0,0,0,0,0.3333333333333333,0,0,0,0,0,0,0,0.3333333333333333,0.3333333333333333,0,0,0,0,0,0,1
2008 , Atonement,0.25,0,0,0,0,0.25,0,0,0,0,0.25,0,0,0,0,0,0,0,0.25,0,0,0
2008 , Juno,0,0,0,0,0,0.5,0,0,0,0,0,0,0,0,0,0,0,0.5,0,0,0,0
2008 , Michael Clayton,0,0,0,0,0,0.3333333333333333,0,0,0,0,0,0,0,0.3333333333333333,0.3333333333333333,0,0,0,0,0,0,0
2008 , There Will Be Blood,0,0,0,0,0,0.5,0,0,0,0,0,0,0,0,0,0,0,0,0,0,0.5,0
2007 , The Departed,0,0,0,0,0,0.3333333333333333,0,0,0,0,0,0,0,0.3333333333333333,0.3333333333333333,0,0,0,0,0,0,1
2007 , Babel,0,0,0,0,0,1.0,0,0,0,0,0,0,0,0,0,0,0,0,0,0,0,0
2007 , Letters from Iwo Jima,0.3333333333333333,0,0,0,0,0.3333333333333333,0,0,0,0,0,0,0,0,0,0,0,0,0,0,0.3333333333333333,0
2007 , Little Miss Sunshine,0,0,0,0,0,0.5,0,0,0,0,0,0,0,0,0,0,0,0.5,0,0,0,0
2007 , The Queen,0,0,0,0,0,0.5,0,0,0,0,0,0,0,0,0,0,0,0,0,0.5,0,0
2006 , Crash,0,0,0,0,0,0.3333333333333333,0,0,0,0,0,0,0,0.3333333333333333,0.3333333333333333,0,0,0,0,0,0,1
2006 , Brokeback Mountain,0,0,0,0,0,0.5,0,0,0,0,0.5,0,0,0,0,0,0,0,0,0,0,0
2006 , Capote,0,0,0,0,0,0.25,0,0,0,0,0,0,0,0.25,0,0,0,0,0,0.25,0.25,0
2006 , Good Night and Good Luck.,0,0,0,0,0,0.3333333333333333,0,0,0,0,0,0,0,0,0,0,0,0,0,0.3333333333333333,0.3333333333333333,0
2006 , Munich,0,0,0,0,0,0.5,0,0,0,0,0,0,0,0,0.5,0,0,0,0,0,0,0
2005 , Million Dollar Baby,0,0,0,0,0,0.5,0,0.5,0,0,0,0,0,0,0,0,0,0,0,0,0,1
2005 , The Aviator,0,0,0,0,0,0.3333333333333333,0,0,0,0,0,0,0,0,0,0,0,0,0,0.3333333333333333,0.3333333333333333,0
2005 , Finding Neverland,0,0,0,0,0,0.3333333333333333,0,0,0,0.3333333333333333,0,0,0,0,0,0,0,0,0,0.3333333333333333,0,0
2005 , Ray,0,0,0,0,0,0.3333333333333333,0,0,0,0,0,0,0,0,0,0,0.3333333333333333,0,0,0.3333333333333333,0,0
2005 , Sideways,0,0,0,0,0,0.3333333333333333,0,0,0,0,0.3333333333333333,0,0,0,0,0,0,0.3333333333333333,0,0,0,0
2004 , The Lord of the Rings: The Return of the King,0,0,0,0,0,0.3333333333333333,0,0,0.3333333333333333,0,0,0,0,0,0,0.3333333333333333,0,0,0,0,0,1
2004 , Lost in Translation,0,0,0,0,0,1.0,0,0,0,0,0,0,0,0,0,0,0,0,0,0,0,0
2004 , Master and Commander: The Far Side of the World,0.2,0,0,0,0,0.2,0,0,0,0,0,0.2,0,0,0,0.2,0,0,0,0,0.2,0
2004 , Mystic River,0,0,0,0,0,0.25,0,0,0,0,0,0,0,0.25,0.25,0,0,0,0.25,0,0,0
2004 , Seabiscuit,0,0,0,0,0,0.3333333333333333,0,0.3333333333333333,0,0,0,0,0,0,0,0,0,0,0,0,0.3333333333333333,0
2003 , Chicago,0,0,0,0,0,0,0.3333333333333333,0,0,0,0,0,0,0.3333333333333333,0,0,0,0.3333333333333333,0,0,0,1
2003 , Gangs of New York,0,0,0,0,0,0.5,0,0,0,0,0,0,0,0.5,0,0,0,0,0,0,0,0
2003 , The Hours,0,0,0,0,0,0.5,0,0,0,0,0.5,0,0,0,0,0,0,0,0,0,0,0
2003 , The Lord of the Rings: The Two Towers,0,0,0,0,0,0.3333333333333333,0,0,0.3333333333333333,0,0,0,0,0,0,0.3333333333333333,0,0,0,0,0,0
2003 , The Pianist,0.3333333333333333,0,0,0,0,0.3333333333333333,0,0,0,0,0,0,0,0,0,0,0,0,0,0.3333333333333333,0,0
2002 , A Beautiful Mind,0,0,0,0,0,0.5,0,0,0,0,0,0,0,0,0,0,0,0,0,0.5,0,1
2002 , Gosford Park,0,0,0,0,0,0.3333333333333333,0,0,0,0,0,0,0,0,0,0,0,0.3333333333333333,0.3333333333333333,0,0,0
2002 , In the Bedroom,0,0,0,0,0,0.5,0,0,0,0,0,0,0,0.5,0,0,0,0,0,0,0,0
2002 , The Lord of the Rings: The Fellowship of the Ring,0,0,0,0,0,0.3333333333333333,0,0,0.3333333333333333,0,0,0,0,0,0,0.3333333333333333,0,0,0,0,0,0
2002 , Moulin Rouge!,0,0,0,0,0,0.3333333333333333,0.3333333333333333,0,0,0,0.3333333333333333,0,0,0,0,0,0,0,0,0,0,0
2001 , Gladiator,0,0,0,0,0,0.3333333333333333,0,0,0,0,0,0.3333333333333333,0,0,0,0.3333333333333333,0,0,0,0,0,1
2001 , Chocolat,0,0,0,0,0,0.5,0,0,0,0,0.5,0,0,0,0,0,0,0,0,0,0,0
2001 , Crouching Tiger Hidden Dragon,0,0,0,0,0,0,0,0,0.25,0,0.25,0.25,0,0,0,0.25,0,0,0,0,0,0
2001 , Erin Brockovich,0,0,0,0,0,0.5,0,0,0,0,0,0,0,0,0,0,0,0,0,0.5,0,0
2001 , Traffic,0,0,0,0,0,0.3333333333333333,0,0,0,0,0,0,0,0.3333333333333333,0.3333333333333333,0,0,0,0,0,0,0
2000 , American Beauty,0,0,0,0,0,0.5,0,0,0,0,0.5,0,0,0,0,0,0,0,0,0,0,1
2000 , The Cider House Rules,0,0,0,0,0,0.5,0,0,0,0,0.5,0,0,0,0,0,0,0,0,0,0,0
2000 , The Green Mile,0,0,0,0,0,0.25,0,0,0.25,0,0,0,0,0.25,0,0,0,0,0.25,0,0,0
2000 , The Insider,0,0,0,0,0,0.3333333333333333,0,0,0,0,0,0,0,0,0.3333333333333333,0,0,0,0,0.3333333333333333,0,0
2000 , The Sixth Sense,0,0,0,0,0,0.3333333333333333,0,0,0,0,0,0,0,0,0.3333333333333333,0,0,0,0.3333333333333333,0,0,0
1999 , Shakespeare in Love,0,0,0,0,0,0.25,0,0,0,0,0.25,0,0,0,0,0,0,0.25,0,0,0.25,1
1999 , Elizabeth,0,0,0,0,0,0.3333333333333333,0,0,0,0,0,0,0,0,0,0,0,0,0,0.3333333333333333,0.3333333333333333,0
1999 , Life Is Beautiful,0.3333333333333333,0,0,0,0,0.3333333333333333,0,0,0,0,0,0,0,0,0,0,0,0.3333333333333333,0,0,0,0
1999 , Saving Private Ryan,0.5,0,0,0,0,0.5,0,0,0,0,0,0,0,0,0,0,0,0,0,0,0,0
1999 , The Thin Red Line,0.5,0,0,0,0,0.5,0,0,0,0,0,0,0,0,0,0,0,0,0,0,0,0
1998 , Titanic,0,0,0,0,0,0.5,0,0,0,0,0.5,0,0,0,0,0,0,0,0,0,0,1
1998 , As Good as It Gets,0,0,0,0,0,0.3333333333333333,0,0,0,0,0.3333333333333333,0,0,0,0,0,0,0.3333333333333333,0,0,0,0
1998 , The Full Monty,0,0,0,0,0,0.5,0,0,0,0,0,0,0,0,0,0,0,0.5,0,0,0,0
1998 , Good Will Hunting,0,0,0,0,0,1.0,0,0,0,0,0,0,0,0,0,0,0,0,0,0,0,0
1998 , L.A. Confidential,0,0,0,0,0,0.25,0,0,0,0,0,0,0,0.25,0.25,0,0,0,0.25,0,0,0
1997 , The English Patient,0.3333333333333333,0,0,0,0,0.3333333333333333,0,0,0,0,0.3333333333333333,0,0,0,0,0,0,0,0,0,0,1
1997 , Fargo,0,0,0,0,0,0.3333333333333333,0,0,0,0,0,0,0,0.3333333333333333,0.3333333333333333,0,0,0,0,0,0,0
1997 , Jerry Maguire,0,0,0,0,0,0.25,0,0.25,0,0,0.25,0,0,0,0,0,0,0.25,0,0,0,0
1997 , Secrets & Lies,0,0,0,0,0,1.0,0,0,0,0,0,0,0,0,0,0,0,0,0,0,0,0
1997 , Shine,0,0,0,0,0,0.25,0,0,0,0,0.25,0,0,0,0,0,0.25,0,0,0.25,0,0
1996 , Braveheart,0.25,0,0,0,0,0.25,0,0,0,0,0,0,0,0,0,0,0,0,0,0.25,0.25,1
1996 , Apollo 13,0,0,0,0,0,0.3333333333333333,0,0,0,0,0,0,0,0,0,0.3333333333333333,0,0,0,0,0.3333333333333333,0
1996 , Babe,0,0,0,0,0,0.3333333333333333,0,0,0,0.3333333333333333,0,0,0,0,0,0,0,0.3333333333333333,0,0,0,0
1996 , Il Postino: The Postman,0,0,0,0,0,0.25,0,0,0,0,0.25,0,0,0,0,0,0,0.25,0,0.25,0,0
1996 , Sense and Sensibility,0,0,0,0,0,0.5,0,0,0,0,0.5,0,0,0,0,0,0,0,0,0,0,0
1995 , Forrest Gump,0,0,0,0,0,0.3333333333333333,0,0,0,0,0.3333333333333333,0,0,0,0,0,0,0.3333333333333333,0,0,0,1
1995 , Four Weddings and a Funeral,0,0,0,0,0,0.3333333333333333,0,0,0,0,0.3333333333333333,0,0,0,0,0,0,0.3333333333333333,0,0,0,0
1995 , Pulp Fiction,0,0,0,0,0,0.5,0,0,0,0,0,0,0,0.5,0,0,0,0,0,0,0,0
1995 , Quiz Show,0,0,0,0,0,0.3333333333333333,0,0,0,0,0,0,0,0,0,0,0,0,0,0.3333333333333333,0.3333333333333333,0
1995 , The Shawshank Redemption,0,0,0,0,0,0.5,0,0,0,0,0,0,0,0.5,0,0,0,0,0,0,0,0
1994 , Schindler's List,0,0,0,0,0,0.3333333333333333,0,0,0,0,0,0,0,0,0,0,0,0,0,0.3333333333333333,0.3333333333333333,1
1994 , The Fugitive,0,0,0,0,0,0.2,0,0,0,0,0,0.2,0,0.2,0.2,0,0,0,0.2,0,0,0
1994 , In the Name of the Father,0,0,0,0,0,0.5,0,0,0,0,0,0,0,0,0,0,0,0,0,0.5,0,0
1994 , The Piano,0,0,0,0,0,0.3333333333333333,0,0,0,0,0.3333333333333333,0,0,0,0,0,0.3333333333333333,0,0,0,0,0
1994 , The Remains of the Day,0,0,0,0,0,0.5,0,0,0,0,0.5,0,0,0,0,0,0,0,0,0,0,0
1993 , Unforgiven,0,0,0,0.5,0,0.5,0,0,0,0,0,0,0,0,0,0,0,0,0,0,0,1
1993 , The Crying Game,0,0,0,0,0,0.25,0,0,0,0,0.25,0,0,0.25,0.25,0,0,0,0,0,0,0
1993 , A Few Good Men,0,0,0,0,0,0.5,0,0,0,0,0,0,0,0,0.5,0,0,0,0,0,0,0
1993 , Howards End,0,0,0,0,0,0.5,0,0,0,0,0.5,0,0,0,0,0,0,0,0,0,0,0
1993 , Scent of a Woman,0,0,0,0,0,1.0,0,0,0,0,0,0,0,0,0,0,0,0,0,0,0,0
1992 , The Silence of the Lambs,0,0,0,0,0,0.3333333333333333,0,0,0,0,0,0,0,0.3333333333333333,0.3333333333333333,0,0,0,0,0,0,1
1992 , Beauty and the Beast,0,0,0,0,0,0,0.2,0,0.2,0.2,0.2,0,0.2,0,0,0,0,0,0,0,0,0
1992 , Bugsy,0,0,0,0,0,0.3333333333333333,0,0,0,0,0,0,0,0.3333333333333333,0,0,0,0,0,0.3333333333333333,0,0
1992 , JFK,0,0,0,0,0,0.3333333333333333,0,0,0,0,0,0,0,0,0.3333333333333333,0,0,0,0,0,0.3333333333333333,0
1992 , The Prince of Tides,0,0,0,0,0,0.5,0,0,0,0,0.5,0,0,0,0,0,0,0,0,0,0,0
1991 , Dances with Wolves,0,0,0,0.3333333333333333,0,0.3333333333333333,0,0,0,0,0,0,0,0,0,0.3333333333333333,0,0,0,0,0,1
1991 , Awakenings,0,0,0,0,0,0.5,0,0,0,0,0,0,0,0,0,0,0,0,0,0.5,0,0
1991 , Ghost,0,0,0,0,0,0.25,0,0,0.25,0,0.25,0,0,0,0.25,0,0,0,0,0,0,0
1991 , The Godfather: Part III,0,0,0,0,0,0.5,0,0,0,0,0,0,0,0.5,0,0,0,0,0,0,0,0
1991 , Goodfellas,0,0,0,0,0,0.3333333333333333,0,0,0,0,0,0,0,0.3333333333333333,0,0,0,0,0,0.3333333333333333,0,0
1990 , Driving Miss Daisy,0,0,0,0,0,1.0,0,0,0,0,0,0,0,0,0,0,0,0,0,0,0,1
1990 , Born on the Fourth of July,0.3333333333333333,0,0,0,0,0.3333333333333333,0,0,0,0,0,0,0,0,0,0,0,0,0,0.3333333333333333,0,0
1990 , Dead Poets Society,0,0,0,0,0,0.5,0,0,0,0,0,0,0,0,0,0,0,0.5,0,0,0,0
1990 , Field of Dreams,0,0,0,0,0,0.25,0,0.25,0.25,0.25,0,0,0,0,0,0,0,0,0,0,0,0
1990 , My Left Foot,0,0,0,0,0,0.5,0,0,0,0,0,0,0,0,0,0,0,0,0,0.5,0,0
1989 , Rain Man,0,0,0,0,0,1.0,0,0,0,0,0,0,0,0,0,0,0,0,0,0,0,1
1989 , The Accidental Tourist,0,0,0,0,0,0.5,0,0,0,0,0.5,0,0,0,0,0,0,0,0,0,0,0
1989 , Dangerous Liaisons,0,0,0,0,0,0.5,0,0,0,0,0.5,0,0,0,0,0,0,0,0,0,0,0
1989 , Mississippi Burning,0,0,0,0,0,0.2,0,0,0,0,0,0,0,0.2,0.2,0,0,0,0.2,0,0.2,0
1989 , Working Girl,0,0,0,0,0,0.3333333333333333,0,0,0,0,0.3333333333333333,0,0,0,0,0,0,0.3333333333333333,0,0,0,0
1988 , The Last Emperor,0,0,0,0,0,0.3333333333333333,0,0,0,0,0,0,0,0,0,0,0,0,0,0.3333333333333333,0.3333333333333333,1
1988 , Broadcast News,0,0,0,0,0,0.3333333333333333,0,0,0,0,0.3333333333333333,0,0,0,0,0,0,0.3333333333333333,0,0,0,0
1988 , Fatal Attraction,0,0,0,0,0,0.5,0,0,0,0,0,0,0,0,0.5,0,0,0,0,0,0,0
1988 , Hope and Glory,0,0,0,0,0,0.3333333333333333,0,0,0,0,0.3333333333333333,0,0,0,0,0,0,0.3333333333333333,0,0,0,0
1988 , Moonstruck,0,0,0,0,0,0.3333333333333333,0,0,0,0,0.3333333333333333,0,0,0,0,0,0,0.3333333333333333,0,0,0,0
1987 , Platoon,0.5,0,0,0,0,0.5,0,0,0,0,0,0,0,0,0,0,0,0,0,0,0,1
1987 , Children of a Lesser God,0,0,0,0,0,0.5,0,0,0,0,0.5,0,0,0,0,0,0,0,0,0,0,0
1987 , Hannah and Her Sisters,0,0,0,0,0,0.5,0,0,0,0,0,0,0,0,0,0,0,0.5,0,0,0,0
1987 , The Mission,0,0,0,0,0,0.3333333333333333,0,0,0,0,0,0,0,0,0,0.3333333333333333,0,0,0,0,0.3333333333333333,0
1987 , A Room with a View,0,0,0,0,0,0.5,0,0,0,0,0.5,0,0,0,0,0,0,0,0,0,0,0
1986 , Out of Africa,0,0,0,0,0,0.3333333333333333,0,0,0,0,0.3333333333333333,0,0,0,0,0,0,0,0,0.3333333333333333,0,1
1986 , The Color Purple,0,0,0,0,0,1.0,0,0,0,0,0,0,0,0,0,0,0,0,0,0,0,0
1986 , Kiss of the Spider Woman,0,0,0,0,0,1.0,0,0,0,0,0,0,0,0,0,0,0,0,0,0,0,0
1986 , Prizzi's Honor,0,0,0,0,0,0.25,0,0,0,0,0.25,0,0,0.25,0,0,0,0.25,0,0,0,0
1986 , Witness,0,0,0,0,0,0.25,0,0,0,0,0.25,0,0,0.25,0.25,0,0,0,0,0,0,0
1985 , Amadeus,0,0,0,0,0,0.25,0,0,0,0,0,0,0,0,0,0,0.25,0,0,0.25,0.25,1
1985 , The Killing Fields,0.25,0,0,0,0,0.25,0,0,0,0,0,0,0,0,0,0,0,0,0,0.25,0.25,0
1985 , A Passage to India,0,0,0,0,0,0.3333333333333333,0,0,0,0,0,0,0,0,0,0.3333333333333333,0,0,0,0,0.3333333333333333,0
1985 , Places in the Heart,0,0,0,0,0,1.0,0,0,0,0,0,0,0,0,0,0,0,0,0,0,0,0
1985 , A Soldier's Story,0.25,0,0,0,0,0.25,0,0,0,0,0,0,0,0.25,0,0,0,0,0.25,0,0,0
1984 , Terms of Endearment,0,0,0,0,0,0.5,0,0,0,0,0,0,0,0,0,0,0,0.5,0,0,0,1
1984 , The Big Chill,0,0,0,0,0,0.5,0,0,0,0,0,0,0,0,0,0,0,0.5,0,0,0,0
1984 , The Dresser,0,0,0,0,0,1.0,0,0,0,0,0,0,0,0,0,0,0,0,0,0,0,0
1984 , The Right Stuff,0,0,0,0,0,0.25,0,0,0,0,0,0,0,0,0,0.25,0,0,0,0.25,0.25,0
1984 , Tender Mercies,0,0,0,0,0,0.5,0,0,0,0,0,0,0,0,0,0,0.5,0,0,0,0,0
1983 , Gandhi,0,0,0,0,0,0.3333333333333333,0,0,0,0,0,0,0,0,0,0,0,0,0,0.3333333333333333,0.3333333333333333,1
1983 , E.T. the Extra-Terrestrial,0,0.5,0,0,0,0,0,0,0,0.5,0,0,0,0,0,0,0,0,0,0,0,0
1983 , Missing,0,0,0,0,0,0.2,0,0,0,0,0,0,0,0,0.2,0,0,0,0.2,0.2,0.2,0
1983 , Tootsie,0,0,0,0,0,0.3333333333333333,0,0,0,0,0.3333333333333333,0,0,0,0,0,0,0.3333333333333333,0,0,0,0
1983 , The Verdict,0,0,0,0,0,1.0,0,0,0,0,0,0,0,0,0,0,0,0,0,0,0,0
1982 , Chariots of Fire,0,0,0,0,0,0.3333333333333333,0,0.3333333333333333,0,0,0,0,0,0,0,0,0,0,0,0.3333333333333333,0,1
1982 , Atlantic City,0,0,0,0,0,0.3333333333333333,0,0,0,0,0.3333333333333333,0,0,0.3333333333333333,0,0,0,0,0,0,0,0
1982 , On Golden Pond,0,0,0,0,0,1.0,0,0,0,0,0,0,0,0,0,0,0,0,0,0,0,0
1982 , Raiders of the Lost Ark,0,0,0,0,0,0,0,0,0,0,0,0.5,0,0,0,0.5,0,0,0,0,0,0
1982 , Reds,0,0,0,0,0,0.25,0,0,0,0,0.25,0,0,0,0,0,0,0,0,0.25,0.25,0
1981 , Ordinary People,0,0,0,0,0,1.0,0,0,0,0,0,0,0,0,0,0,0,0,0,0,0,1
1981 , Coal Miner's Daughter,0,0,0,0,0,0.25,0.25,0,0,0,0,0,0,0,0,0,0.25,0,0,0.25,0,0
1981 , The Elephant Man,0,0,0,0,0,0.5,0,0,0,0,0,0,0,0,0,0,0,0,0,0.5,0,0
1981 , Raging Bull,0,0,0,0,0,0.3333333333333333,0,0.3333333333333333,0,0,0,0,0,0,0,0,0,0,0,0.3333333333333333,0,0
1981 , Tess,0,0,0,0,0,0.5,0,0,0,0,0.5,0,0,0,0,0,0,0,0,0,0,0
1980 , Kramer vs. Kramer,0,0,0,0,0,1.0,0,0,0,0,0,0,0,0,0,0,0,0,0,0,0,1
1980 , All That Jazz,0,0,0,0,0,0.25,0.25,0,0,0,0,0,0,0,0,0,0.25,0.25,0,0,0,0
1980 , Apocalypse Now,0.5,0,0,0,0,0.5,0,0,0,0,0,0,0,0,0,0,0,0,0,0,0,0
1980 , Breaking Away,0,0,0,0,0,0.25,0,0.25,0,0,0.25,0,0,0,0,0,0,0.25,0,0,0,0
1980 , Norma Rae,0,0,0,0,0,1.0,0,0,0,0,0,0,0,0,0,0,0,0,0,0,0,0
1979 , The Deer Hunter,0.5,0,0,0,0,0.5,0,0,0,0,0,0,0,0,0,0,0,0,0,0,0,1
1979 , Coming Home,0.3333333333333333,0,0,0,0,0.3333333333333333,0,0,0,0,0.3333333333333333,0,0,0,0,0,0,0,0,0,0,0
1979 , Heaven Can Wait,0,0,0,0,0,0,0,0.25,0.25,0,0.25,0,0,0,0,0,0,0.25,0,0,0,0
1979 , Midnight Express,0,0,0,0,0,0.25,0,0,0,0,0,0,0,0.25,0.25,0,0,0,0,0.25,0,0
1979 , An Unmarried Woman,0,0,0,0,0,0.3333333333333333,0,0,0,0,0.3333333333333333,0,0,0,0,0,0,0.3333333333333333,0,0,0,0
1978 , Annie Hall,0,0,0,0,0,0,0,0,0,0,0.5,0,0,0,0,0,0,0.5,0,0,0,1
1978 , The Goodbye Girl,0,0,0,0,0,0.3333333333333333,0,0,0,0,0.3333333333333333,0,0,0,0,0,0,0.3333333333333333,0,0,0,0
1978 , Julia,0,0,0,0,0,1.0,0,0,0,0,0,0,0,0,0,0,0,0,0,0,0,0
1978 , Star Wars: Episode IV - A New Hope,0,0.25,0,0,0,0,0,0,0.25,0,0,0.25,0,0,0,0.25,0,0,0,0,0,0
1978 , The Turning Point,0,0,0,0,0,0.5,0,0,0,0,0.5,0,0,0,0,0,0,0,0,0,0,0
1977 , Rocky,0,0,0,0,0,0.5,0,0.5,0,0,0,0,0,0,0,0,0,0,0,0,0,1
1977 , All the President's Men,0,0,0,0,0,0.25,0,0,0,0,0,0,0,0,0.25,0,0,0,0,0.25,0.25,0
1977 , Bound for Glory,0,0,0,0,0,0.3333333333333333,0,0,0,0,0,0,0,0,0,0,0.3333333333333333,0,0,0.3333333333333333,0,0
1977 , Network,0,0,0,0,0,1.0,0,0,0,0,0,0,0,0,0,0,0,0,0,0,0,0
1977 , Taxi Driver,0,0,0,0,0,0.5,0,0,0,0,0,0,0,0.5,0,0,0,0,0,0,0,0
1976 , One Flew Over the Cuckoo's Nest,0,0,0,0,0,1.0,0,0,0,0,0,0,0,0,0,0,0,0,0,0,0,1
1976 , Barry Lyndon,0.25,0,0,0,0,0.25,0,0,0,0,0,0,0,0,0,0.25,0,0,0,0,0.25,0
1976 , Dog Day Afternoon,0,0,0,0,0,0.25,0,0,0,0,0,0,0,0.25,0.25,0,0,0,0,0.25,0,0
1976 , Jaws,0,0,0,0,0,0.3333333333333333,0,0,0,0,0,0,0,0,0.3333333333333333,0.3333333333333333,0,0,0,0,0,0
1976 , Nashville,0,0,0,0,0,0.3333333333333333,0,0,0,0,0,0,0,0,0,0,0.3333333333333333,0.3333333333333333,0,0,0,0
1975 , The Godfather: Part II,0,0,0,0,0,0.5,0,0,0,0,0,0,0,0.5,0,0,0,0,0,0,0,1
1975 , Chinatown,0,0,0,0,0,0.3333333333333333,0,0,0,0,0,0,0,0,0.3333333333333333,0,0,0,0.3333333333333333,0,0,0
1975 , The Conversation,0,0,0,0,0,0.3333333333333333,0,0,0,0,0,0,0,0,0.3333333333333333,0,0,0,0.3333333333333333,0,0,0
1975 , Lenny,0,0,0,0,0,0.5,0,0,0,0,0,0,0,0,0,0,0,0,0,0.5,0,0
1975 , The Towering Inferno,0,0,0,0,0,0.3333333333333333,0,0,0,0,0,0.3333333333333333,0,0,0.3333333333333333,0,0,0,0,0,0,0
1974 , The Sting,0,0,0,0,0,0.3333333333333333,0,0,0,0,0,0,0,0.3333333333333333,0,0,0,0.3333333333333333,0,0,0,1
1974 , American Graffiti,0,0,0,0,0,0.5,0,0,0,0,0,0,0,0,0,0,0,0.5,0,0,0,0
1974 , Cries & Whispers,0,0,0,0,0,1.0,0,0,0,0,0,0,0,0,0,0,0,0,0,0,0,0
1974 , The Exorcist,0,0,1.0,0,0,0,0,0,0,0,0,0,0,0,0,0,0,0,0,0,0,0
1974 , A Touch of Class,0,0,0,0,0,0,0,0,0,0,0.5,0,0,0,0,0,0,0.5,0,0,0,0
1973 , The Godfather,0,0,0,0,0,0.5,0,0,0,0,0,0,0,0.5,0,0,0,0,0,0,0,1
1973 , Cabaret,0,0,0,0,0,0.5,0.5,0,0,0,0,0,0,0,0,0,0,0,0,0,0,0
1973 , Deliverance,0,0,0,0,0,0.3333333333333333,0,0,0,0,0,0,0,0,0.3333333333333333,0.3333333333333333,0,0,0,0,0,0
1973 , The Emigrants,0,0,0,0,0,0.5,0,0,0,0,0,0,0,0,0,0,0,0,0,0,0.5,0
1973 , Sounder,0,0,0,0,0,0.5,0,0,0,0.5,0,0,0,0,0,0,0,0,0,0,0,0
1972 , The French Connection,0,0,0,0,0,0.25,0,0,0,0,0,0.25,0,0.25,0.25,0,0,0,0,0,0,1
1972 , A Clockwork Orange,0,0.3333333333333333,0,0,0,0.3333333333333333,0,0,0,0,0,0,0,0.3333333333333333,0,0,0,0,0,0,0,0
1972 , Fiddler on the Roof,0,0,0,0,0,0.25,0.25,0,0,0.25,0.25,0,0,0,0,0,0,0,0,0,0,0
1972 , The Last Picture Show,0,0,0,0,0,1.0,0,0,0,0,0,0,0,0,0,0,0,0,0,0,0,0
1972 , Nicholas and Alexandra,0.25,0,0,0,0,0.25,0,0,0,0,0,0,0,0,0,0,0,0,0,0.25,0.25,0
1971 , Patton,0.3333333333333333,0,0,0,0,0.3333333333333333,0,0,0,0,0,0,0,0,0,0,0,0,0,0.3333333333333333,0,1
1971 , Airport,0,0,0,0,0,0.3333333333333333,0,0,0,0,0,0.3333333333333333,0,0,0.3333333333333333,0,0,0,0,0,0,0
1971 , Five Easy Pieces,0,0,0,0,0,1.0,0,0,0,0,0,0,0,0,0,0,0,0,0,0,0,0
1971 , Love Story,0,0,0,0,0,0.5,0,0,0,0,0.5,0,0,0,0,0,0,0,0,0,0,0
1971 , MASH,0.3333333333333333,0,0,0,0,0.3333333333333333,0,0,0,0,0,0,0,0,0,0,0,0.3333333333333333,0,0,0,0
1970 , Midnight Cowboy,0,0,0,0,0,1.0,0,0,0,0,0,0,0,0,0,0,0,0,0,0,0,1
1970 , Anne of the Thousand Days,0,0,0,0,0,0.3333333333333333,0,0,0,0,0,0,0,0,0,0,0,0,0,0.3333333333333333,0.3333333333333333,0
1970 , Butch Cassidy and the Sundance Kid,0,0,0,0.25,0,0.25,0,0,0,0,0,0,0,0.25,0,0,0,0,0,0.25,0,0
1970 , Hello Dolly!,0,0,0,0,0,0,0.25,0,0,0,0.25,0,0,0,0,0.25,0,0.25,0,0,0,0
1970 , Z,0,0,0,0,0,0.25,0,0,0,0,0,0,0,0.25,0.25,0,0,0,0,0,0.25,0
1969 , Oliver!,0,0,0,0,0,0.3333333333333333,0.3333333333333333,0,0,0.3333333333333333,0,0,0,0,0,0,0,0,0,0,0,1
1969 , Funny Girl,0,0,0,0,0,0.2,0.2,0,0,0,0.2,0,0,0,0,0,0,0.2,0,0.2,0,0
1969 , The Lion in Winter,0,0,0,0,0,0.3333333333333333,0,0,0,0,0,0,0,0,0,0,0,0,0,0.3333333333333333,0.3333333333333333,0
1969 , Rachel Rachel,0,0,0,0,0,0.5,0,0,0,0,0.5,0,0,0,0,0,0,0,0,0,0,0
1969 , Romeo and Juliet,0,0,0,0,0,0.5,0,0,0,0,0.5,0,0,0,0,0,0,0,0,0,0,0
1968 , In the Heat of the Night,0,0,0,0,0,0.25,0,0,0,0,0,0,0,0.25,0.25,0,0,0,0.25,0,0,1
1968 , Bonnie and Clyde,0,0,0,0,0,0.25,0,0,0,0,0,0.25,0,0.25,0,0,0,0,0,0.25,0,0
1968 , Doctor Dolittle,0,0,0,0,0,0,0.16666666666666666,0,0.16666666666666666,0.16666666666666666,0.16666666666666666,0,0,0,0,0.16666666666666666,0,0.16666666666666666,0,0,0,0
1968 , The Graduate,0,0,0,0,0,0.5,0,0,0,0,0,0,0,0,0,0,0,0.5,0,0,0,0
1968 , Guess Who's Coming to Dinner,0,0,0,0,0,0.5,0,0,0,0,0,0,0,0,0,0,0,0.5,0,0,0,0
1967 , A Man for All Seasons,0,0,0,0,0,0.3333333333333333,0,0,0,0,0,0,0,0,0,0,0,0,0,0.3333333333333333,0.3333333333333333,1
1967 , Alfie,0,0,0,0,0,0.5,0,0,0,0,0,0,0,0,0,0,0,0.5,0,0,0,0
1967 , The Russians Are Coming the Russians Are Coming,0.5,0,0,0,0,0,0,0,0,0,0,0,0,0,0,0,0,0.5,0,0,0,0
1967 , The Sand Pebbles,0.25,0,0,0,0,0.25,0,0,0,0,0.25,0,0,0,0,0.25,0,0,0,0,0,0
1967 , Who's Afraid of Virginia Woolf?,0,0,0,0,0,1.0,0,0,0,0,0,0,0,0,0,0,0,0,0,0,0,0
1966 , The Sound of Music,0,0,0,0,0,0.2,0.2,0,0,0.2,0.2,0,0,0,0,0,0,0,0,0.2,0,1
1966 , Darling,0,0,0,0,0,0.5,0,0,0,0,0.5,0,0,0,0,0,0,0,0,0,0,0
1966 , Doctor Zhivago,0.3333333333333333,0,0,0,0,0.3333333333333333,0,0,0,0,0.3333333333333333,0,0,0,0,0,0,0,0,0,0,0
1966 , Ship of Fools,0.3333333333333333,0,0,0,0,0.3333333333333333,0,0,0,0,0.3333333333333333,0,0,0,0,0,0,0,0,0,0,0
1966 , A Thousand Clowns,0,0,0,0,0,0.3333333333333333,0,0,0,0,0.3333333333333333,0,0,0,0,0,0,0.3333333333333333,0,0,0,0
1965 , My Fair Lady,0,0,0,0,0,0.25,0.25,0,0,0.25,0.25,0,0,0,0,0,0,0,0,0,0,1
1965 , Becket,0,0,0,0,0,0.3333333333333333,0,0,0,0,0,0,0,0,0,0,0,0,0,0.3333333333333333,0.3333333333333333,0
1965 , Dr. Strangelove or: How I Learned to Stop Worrying and Love the Bomb,0,0,0,0,0,0,0,0,0,0,0,0,0,0,0,0,0,1.0,0,0,0,0
1965 , Mary Poppins,0,0,0,0,0,0,0.25,0,0.25,0.25,0,0,0,0,0,0,0,0.25,0,0,0,0
1965 , Zorba the Greek,0,0,0,0,0,0.5,0,0,0,0,0,0,0,0,0,0,0,0.5,0,0,0,0
1964 , Tom Jones,0,0,0,0,0,0,0,0,0,0,0,0,0,0,0,0.3333333333333333,0,0.3333333333333333,0,0,0.3333333333333333,1
1964 , America America,0,0,0,0,0,1.0,0,0,0,0,0,0,0,0,0,0,0,0,0,0,0,0
1964 , Cleopatra,0,0,0,0,0,0.25,0,0,0,0,0.25,0,0,0,0,0,0,0,0,0.25,0.25,0
1964 , How the West Was Won,0,0,0,1.0,0,0,0,0,0,0,0,0,0,0,0,0,0,0,0,0,0,0
1964 , Lilies of the Field,0,0,0,0,0,1.0,0,0,0,0,0,0,0,0,0,0,0,0,0,0,0,0
1963 , Lawrence of Arabia,0.2,0,0,0,0,0.2,0,0,0,0,0,0,0,0,0,0.2,0,0,0,0.2,0.2,1
1963 , The Longest Day,0.25,0,0,0,0,0.25,0,0,0,0,0,0.25,0,0,0,0,0,0,0,0,0.25,0
1963 , The Music Man,0,0,0,0,0,0,0.3333333333333333,0,0,0,0.3333333333333333,0,0,0,0,0,0,0.3333333333333333,0,0,0,0
1963 , Mutiny on the Bounty,0,0,0,0,0,0.25,0,0,0,0,0.25,0,0,0,0,0.25,0,0,0,0,0.25,0
1963 , To Kill a Mockingbird,0,0,0,0,0,0.5,0,0,0,0,0,0,0,0.5,0,0,0,0,0,0,0,0
1962 , West Side Story,0,0,0,0,0,0.2,0.2,0,0,0,0.2,0,0,0.2,0.2,0,0,0,0,0,0,1
1962 , Fanny,0,0,0,0,0,0.5,0,0,0,0,0.5,0,0,0,0,0,0,0,0,0,0,0
1962 , The Guns of Navarone,0.25,0,0,0,0,0.25,0,0,0,0,0,0.25,0,0,0,0.25,0,0,0,0,0,0
1962 , The Hustler,0,0,0,0,0,0.5,0,0.5,0,0,0,0,0,0,0,0,0,0,0,0,0,0
1962 , Judgment at Nuremberg,0.5,0,0,0,0,0.5,0,0,0,0,0,0,0,0,0,0,0,0,0,0,0,0
1961 , The Apartment,0,0,0,0,0,0.3333333333333333,0,0,0,0,0.3333333333333333,0,0,0,0,0,0,0.3333333333333333,0,0,0,1
1961 , The Alamo,0.2,0,0,0.2,0,0.2,0,0,0,0,0,0,0,0,0,0.2,0,0,0,0,0.2,0
1961 , Elmer Gantry,0,0,0,0,0,1.0,0,0,0,0,0,0,0,0,0,0,0,0,0,0,0,0
1961 , Sons and Lovers,0,0,0,0,0,1.0,0,0,0,0,0,0,0,0,0,0,0,0,0,0,0,0
1961 , The Sundowners,0,0,0,0,0,0.5,0,0,0,0,0,0,0,0,0,0.5,0,0,0,0,0,0
1960 , Ben-Hur,0,0,0,0,0,0.3333333333333333,0,0,0,0,0,0,0,0,0,0.3333333333333333,0,0,0,0,0.3333333333333333,1
1960 , Anatomy of a Murder,0,0,0,0,0,0.25,0,0,0,0,0,0,0,0.25,0.25,0,0,0,0.25,0,0,0
1960 , The Diary of Anne Frank,0.2,0,0,0,0,0.2,0,0,0,0.2,0,0,0,0,0,0,0,0,0,0.2,0.2,0
1960 , The Nun's Story,0,0,0,0,0,1.0,0,0,0,0,0,0,0,0,0,0,0,0,0,0,0,0
1960 , Room at the Top,0,0,0,0,0,0.5,0,0,0,0,0.5,0,0,0,0,0,0,0,0,0,0,0
1959 , Gigi,0,0,0,0,0,0,0.3333333333333333,0,0,0,0.3333333333333333,0,0,0,0,0,0,0.3333333333333333,0,0,0,1
1959 , Auntie Mame,0,0,0,0,0,0.3333333333333333,0,0,0,0,0.3333333333333333,0,0,0,0,0,0,0.3333333333333333,0,0,0,0
1959 , Cat on a Hot Tin Roof,0,0,0,0,0,0.5,0,0,0,0,0.5,0,0,0,0,0,0,0,0,0,0,0
1959 , The Defiant Ones,0,0,0,0,0.3333333333333333,0.3333333333333333,0,0,0,0,0,0,0,0.3333333333333333,0,0,0,0,0,0,0,0
1959 , Separate Tables,0,0,0,0,0,0.5,0,0,0,0,0.5,0,0,0,0,0,0,0,0,0,0,0
1958 , The Bridge on the River Kwai,0.3333333333333333,0,0,0,0,0.3333333333333333,0,0,0,0,0,0,0,0,0,0.3333333333333333,0,0,0,0,0,1
1958 , Peyton Place,0,0,0,0,0,0.5,0,0,0,0,0.5,0,0,0,0,0,0,0,0,0,0,0
1958 , Sayonara,0,0,0,0,0,0.5,0,0,0,0,0.5,0,0,0,0,0,0,0,0,0,0,0
1958 , 12 Angry Men,0,0,0,0,0,0.5,0,0,0,0,0,0,0,0.5,0,0,0,0,0,0,0,0
1958 , Witness for the Prosecution,0,0,0,0,0,0.25,0,0,0,0,0,0,0,0.25,0.25,0,0,0,0.25,0,0,0
1957 , Around the World in Eighty Days,0,0,0,0,0,0,0,0,0,0.25,0.25,0,0,0,0,0.25,0,0.25,0,0,0,1
1957 , Friendly Persuasion,0.25,0,0,0.25,0,0.25,0,0,0,0,0.25,0,0,0,0,0,0,0,0,0,0,0
1957 , Giant,0,0,0,0.5,0,0.5,0,0,0,0,0,0,0,0,0,0,0,0,0,0,0,0
1957 , The King and I,0,0,0,0,0,0.25,0.25,0,0,0,0.25,0,0,0,0,0,0,0,0,0.25,0,0
1957 , The Ten Commandments,0,0,0,0,0,0.5,0,0,0,0,0,0,0,0,0,0.5,0,0,0,0,0,0
1956 , Marty,0,0,0,0,0,0.5,0,0,0,0,0.5,0,0,0,0,0,0,0,0,0,0,1
1956 , Love Is a Many-Splendored Thing,0.25,0,0,0,0,0.25,0,0,0,0,0.25,0,0,0,0,0,0,0,0,0.25,0,0
1956 , Mister Roberts,0.3333333333333333,0,0,0,0,0.3333333333333333,0,0,0,0,0,0,0,0,0,0,0,0.3333333333333333,0,0,0,0
1956 , Picnic,0,0,0,0,0,0.5,0,0,0,0,0.5,0,0,0,0,0,0,0,0,0,0,0
1956 , The Rose Tattoo,0,0,0,0,0,0.3333333333333333,0,0,0,0,0.3333333333333333,0,0,0,0,0,0,0.3333333333333333,0,0,0,0
1955 , On the Waterfront,0,0,0,0,0,0.3333333333333333,0,0,0,0,0,0,0,0.3333333333333333,0.3333333333333333,0,0,0,0,0,0,1
1955 , The Caine Mutiny,0.5,0,0,0,0,0.5,0,0,0,0,0,0,0,0,0,0,0,0,0,0,0,0
1955 , The Country Girl,0,0,0,0,0,0.5,0,0,0,0,0,0,0,0,0,0,0.5,0,0,0,0,0
1955 , Seven Brides for Seven Brothers,0,0,0,0.2,0,0.2,0.2,0,0,0,0.2,0,0,0,0,0,0,0.2,0,0,0,0
1955 , Three Coins in the Fountain,0,0,0,0,0,1.0,0,0,0,0,0,0,0,0,0,0,0,0,0,0,0,0
1954 , From Here to Eternity,0.3333333333333333,0,0,0,0,0.3333333333333333,0,0,0,0,0.3333333333333333,0,0,0,0,0,0,0,0,0,0,1
1954 , Julius Caesar,0,0,0,0,0,0.3333333333333333,0,0,0,0,0,0,0,0,0,0,0,0,0,0.3333333333333333,0.3333333333333333,0
1954 , The Robe,0,0,0,0,0,0.5,0,0,0,0,0,0,0,0,0,0,0,0,0,0,0.5,0
1954 , Roman Holiday,0,0,0,0,0,0,0,0,0,0,0.5,0,0,0,0,0,0,0.5,0,0,0,0
1954 , Shane,0,0,0,0.5,0,0.5,0,0,0,0,0,0,0,0,0,0,0,0,0,0,0,0
1953 , The Greatest Show on Earth,0,0,0,0,0,0.3333333333333333,0,0,0,0.3333333333333333,0.3333333333333333,0,0,0,0,0,0,0,0,0,0,1
1953 , High Noon,0,0,0,0.3333333333333333,0,0.3333333333333333,0,0,0,0,0,0,0,0,0.3333333333333333,0,0,0,0,0,0,0
1953 , Ivanhoe,0,0,0,0,0,0.25,0,0,0,0,0.25,0,0,0,0,0.25,0,0,0,0,0.25,0
1953 , Moulin Rouge,0,0,0,0,0,0.25,0,0,0,0,0.25,0,0,0,0,0,0.25,0,0,0.25,0,0
1953 , The Quiet Man,0,0,0,0,0,0.3333333333333333,0,0,0,0,0.3333333333333333,0,0,0,0,0,0,0.3333333333333333,0,0,0,0
1952 , An American in Paris,0,0,0,0,0,0.3333333333333333,0.3333333333333333,0,0,0,0.3333333333333333,0,0,0,0,0,0,0,0,0,0,1
1952 , Decision Before Dawn,0.5,0,0,0,0,0.5,0,0,0,0,0,0,0,0,0,0,0,0,0,0,0,0
1952 , A Place in the Sun,0,0,0,0,0,0.5,0,0,0,0,0.5,0,0,0,0,0,0,0,0,0,0,0
1952 , Quo Vadis,0,0,0,0,0,0.25,0,0,0,0,0.25,0,0,0,0,0,0,0,0,0.25,0.25,0
1952 , A Streetcar Named Desire,0,0,0,0,0,1.0,0,0,0,0,0,0,0,0,0,0,0,0,0,0,0,0
1951 , All About Eve,0,0,0,0,0,1.0,0,0,0,0,0,0,0,0,0,0,0,0,0,0,0,1
1951 , Born Yesterday,0,0,0,0,0,0.3333333333333333,0,0,0,0,0.3333333333333333,0,0,0,0,0,0,0.3333333333333333,0,0,0,0
1951 , Father of the Bride,0,0,0,0,0,0,0,0,0,0,0.5,0,0,0,0,0,0,0.5,0,0,0,0
1951 , King Solomon's Mines,0,0,0,0,0,0,0,0,0,0,0.3333333333333333,0.3333333333333333,0,0,0,0.3333333333333333,0,0,0,0,0,0
1951 , Sunset Blvd.,0,0,0,0,0.5,0.5,0,0,0,0,0,0,0,0,0,0,0,0,0,0,0,0
1950 , All the King's Men,0,0,0,0,0.5,0.5,0,0,0,0,0,0,0,0,0,0,0,0,0,0,0,1
1950 , Battleground,0.3333333333333333,0,0,0,0,0.3333333333333333,0,0,0,0,0,0.3333333333333333,0,0,0,0,0,0,0,0,0,0
1950 , The Heiress,0,0,0,0,0,0.5,0,0,0,0,0.5,0,0,0,0,0,0,0,0,0,0,0
1950 , A Letter to Three Wives,0,0,0,0,0,0.5,0,0,0,0,0.5,0,0,0,0,0,0,0,0,0,0,0
1950 , Twelve O'Clock High,0.5,0,0,0,0,0.5,0,0,0,0,0,0,0,0,0,0,0,0,0,0,0,0
1949 , Hamlet,0,0,0,0,0,1.0,0,0,0,0,0,0,0,0,0,0,0,0,0,0,0,1
1949 , Johnny Belinda,0,0,0,0,0,1.0,0,0,0,0,0,0,0,0,0,0,0,0,0,0,0,0
1949 , The Red Shoes,0,0,0,0,0,0.25,0.25,0,0,0,0.25,0,0,0,0,0,0.25,0,0,0,0,0
1949 , The Snake Pit,0,0,0,0,0,0.5,0,0,0,0,0,0,0,0,0,0,0,0,0.5,0,0,0
1949 , The Treasure of the Sierra Madre,0,0,0,0.3333333333333333,0,0.3333333333333333,0,0,0,0,0,0,0,0,0,0.3333333333333333,0,0,0,0,0,0
1948 , Gentleman's Agreement,0,0,0,0,0,0.5,0,0,0,0,0.5,0,0,0,0,0,0,0,0,0,0,1
1948 , The Bishop's Wife,0,0,0,0,0,0.25,0,0,0.25,0,0.25,0,0,0,0,0,0,0.25,0,0,0,0
1948 , Crossfire,0,0,0,0,0.25,0.25,0,0,0,0,0,0,0,0.25,0,0,0,0,0.25,0,0,0
1948 , Great Expectations,0,0,0,0,0,0.25,0,0,0,0,0.25,0,0,0,0,0.25,0,0,0.25,0,0,0
1948 , Miracle on 34th Street,0,0,0,0,0,0.25,0,0,0,0.25,0,0,0,0.25,0,0,0,0.25,0,0,0,0
1947 , The Best Years of Our Lives,0.3333333333333333,0,0,0,0,0.3333333333333333,0,0,0,0,0.3333333333333333,0,0,0,0,0,0,0,0,0,0,1
1947 , Henry V,0.25,0,0,0,0,0.25,0,0,0,0,0,0,0,0,0,0,0,0,0,0.25,0.25,0
1947 , It's a Wonderful Life,0,0,0,0,0,0.3333333333333333,0,0,0.3333333333333333,0.3333333333333333,0,0,0,0,0,0,0,0,0,0,0,0
1947 , The Razor's Edge,0,0,0,0,0.3333333333333333,0.3333333333333333,0,0,0,0,0.3333333333333333,0,0,0,0,0,0,0,0,0,0,0
1947 , The Yearling,0,0,0,0,0,0.5,0,0,0,0.5,0,0,0,0,0,0,0,0,0,0,0,0
1946 , The Lost Weekend,0,0,0,0,0.5,0.5,0,0,0,0,0,0,0,0,0,0,0,0,0,0,0,1
1946 , Anchors Aweigh,0.2,0,0,0,0,0,0.2,0,0.2,0,0.2,0,0,0,0,0,0,0.2,0,0,0,0
1946 , The Bells of St. Mary's,0,0,0,0,0,1.0,0,0,0,0,0,0,0,0,0,0,0,0,0,0,0,0
1946 , Mildred Pierce,0,0,0,0,0.2,0.2,0,0,0,0,0.2,0,0,0.2,0,0,0,0,0.2,0,0,0
1946 , Spellbound,0,0,0,0,0.25,0,0,0,0,0,0.25,0,0,0,0.25,0,0,0,0.25,0,0,0
1945 , Going My Way,0,0,0,0,0,0.25,0.25,0,0,0,0,0,0,0,0,0,0.25,0.25,0,0,0,1
1945 , Double Indemnity,0,0,0,0,0.2,0.2,0,0,0,0,0,0,0,0.2,0.2,0,0,0,0.2,0,0,0
1945 , Gaslight,0,0,0,0,0.2,0.2,0,0,0,0,0,0,0,0.2,0.2,0,0,0,0.2,0,0,0
1945 , Since You Went Away,0.3333333333333333,0,0,0,0,0.3333333333333333,0,0,0,0,0.3333333333333333,0,0,0,0,0,0,0,0,0,0,0
1945 , Wilson,0,0,0,0,0,0.2,0,0,0,0,0.2,0,0,0,0,0,0.2,0,0,0.2,0.2,0
1944 , Casablanca,0.3333333333333333,0,0,0,0,0.3333333333333333,0,0,0,0,0.3333333333333333,0,0,0,0,0,0,0,0,0,0,1
1944 , For Whom the Bell Tolls,0.2,0,0,0,0,0.2,0,0,0,0,0.2,0,0,0,0,0.2,0,0,0,0,0.2,0
1944 , Heaven Can Wait,0,0,0,0,0,0.25,0,0,0.25,0,0.25,0,0,0,0,0,0,0.25,0,0,0,0
1944 , The Human Comedy,0,0,0,0,0,0.3333333333333333,0,0,0,0.3333333333333333,0,0,0,0,0,0,0,0.3333333333333333,0,0,0,0
1944 , In Which We Serve,0.5,0,0,0,0,0.5,0,0,0,0,0,0,0,0,0,0,0,0,0,0,0,0
1944 , Madame Curie,0,0,0,0,0,0.3333333333333333,0,0,0,0,0.3333333333333333,0,0,0,0,0,0,0,0,0.3333333333333333,0,0
1944 , The More the Merrier,0.3333333333333333,0,0,0,0,0,0,0,0,0,0.3333333333333333,0,0,0,0,0,0,0.3333333333333333,0,0,0,0
1944 , The Ox-Bow Incident,0,0,0,0.5,0,0.5,0,0,0,0,0,0,0,0,0,0,0,0,0,0,0,0
1944 , The Song of Bernadette,0,0,0,0,0,0.5,0,0,0,0,0,0,0,0,0,0,0,0,0,0.5,0,0
1944 , Watch on the Rhine,0,0,0,0,0,1.0,0,0,0,0,0,0,0,0,0,0,0,0,0,0,0,0
1943 , Mrs. Miniver,0.3333333333333333,0,0,0,0,0.3333333333333333,0,0,0,0,0.3333333333333333,0,0,0,0,0,0,0,0,0,0,1
1943 , 49th Parallel,0.3333333333333333,0,0,0,0,0.3333333333333333,0,0,0,0,0,0,0,0,0.3333333333333333,0,0,0,0,0,0,0
1943 , Kings Row,0,0,0,0,0,0.3333333333333333,0,0,0,0,0.3333333333333333,0,0,0,0,0,0,0,0.3333333333333333,0,0,0
1943 , The Magnificent Ambersons,0,0,0,0,0,0.5,0,0,0,0,0.5,0,0,0,0,0,0,0,0,0,0,0
1943 , The Pied Piper,0,0,0,0,0,1.0,0,0,0,0,0,0,0,0,0,0,0,0,0,0,0,0
1943 , The Pride of the Yankees,0,0,0,0,0,0.25,0,0.25,0,0,0.25,0,0,0,0,0,0,0,0,0.25,0,0
1943 , Random Harvest,0,0,0,0,0,0.5,0,0,0,0,0.5,0,0,0,0,0,0,0,0,0,0,0
1943 , The Talk of the Town,0,0,0,0,0,0.25,0,0,0,0,0.25,0,0,0,0.25,0,0,0.25,0,0,0,0
1943 , Wake Island,0.3333333333333333,0,0,0,0,0.3333333333333333,0,0,0,0,0,0.3333333333333333,0,0,0,0,0,0,0,0,0,0
1943 , Yankee Doodle Dandy,0,0,0,0,0,0.3333333333333333,0.3333333333333333,0,0,0,0,0,0,0,0,0,0,0,0,0.3333333333333333,0,0
1942 , How Green Was My Valley,0,0,0,0,0,0.5,0,0,0,0.5,0,0,0,0,0,0,0,0,0,0,0,1
1942 , Blossoms in the Dust,0,0,0,0,0,0.3333333333333333,0,0,0,0,0.3333333333333333,0,0,0,0,0,0,0,0,0.3333333333333333,0,0
1942 , Citizen Kane,0,0,0,0,0,0.5,0,0,0,0,0,0,0,0,0,0,0,0,0.5,0,0,0
1942 , Here Comes Mr. Jordan,0,0,0,0,0,0,0,0,0.3333333333333333,0,0.3333333333333333,0,0,0,0,0,0,0.3333333333333333,0,0,0,0
1942 , Hold Back the Dawn,0,0,0,0,0,0.5,0,0,0,0,0.5,0,0,0,0,0,0,0,0,0,0,0
1942 , The Little Foxes,0,0,0,0,0,0.5,0,0,0,0,0.5,0,0,0,0,0,0,0,0,0,0,0
1942 , The Maltese Falcon,0,0,0,0,0.3333333333333333,0,0,0,0,0,0,0,0,0.3333333333333333,0,0,0,0,0.3333333333333333,0,0,0
1942 , One Foot in Heaven,0,0,0,0,0,0.5,0,0,0,0,0,0,0,0,0,0,0,0,0,0.5,0,0
1942 , Sergeant York,0.2,0,0,0,0,0.2,0,0,0,0,0.2,0,0,0,0,0,0,0,0,0.2,0.2,0
1942 , Suspicion,0,0,0,0,0,0,0,0,0,0,0,0,0,0,0.5,0,0,0,0.5,0,0,0
1941 , Rebecca,0,0,0,0,0,0.25,0,0,0,0,0.25,0,0,0,0.25,0,0,0,0.25,0,0,1
1941 , All This and Heaven Too,0,0,0,0,0,0.5,0,0,0,0,0.5,0,0,0,0,0,0,0,0,0,0,0
1941 , Foreign Correspondent,0.25,0,0,0,0,0,0,0,0,0,0.25,0.25,0,0,0.25,0,0,0,0,0,0,0
1941 , The Grapes of Wrath,0,0,0,0,0,0.5,0,0,0,0,0,0,0,0,0,0,0,0,0,0,0.5,0
1941 , The Great Dictator,0.3333333333333333,0,0,0,0,0.3333333333333333,0,0,0,0,0,0,0,0,0,0,0,0.3333333333333333,0,0,0,0
1941 , Kitty Foyle,0,0,0,0,0,0.5,0,0,0,0,0.5,0,0,0,0,0,0,0,0,0,0,0
1941 , The Letter,0,0,0,0,0.2,0.2,0,0,0,0,0.2,0,0,0.2,0,0,0,0,0.2,0,0,0
1941 , The Long Voyage Home,0.5,0,0,0,0,0.5,0,0,0,0,0,0,0,0,0,0,0,0,0,0,0,0
1941 , Our Town,0,0,0,0,0,0.5,0,0,0,0,0.5,0,0,0,0,0,0,0,0,0,0,0
1941 , The Philadelphia Story,0,0,0,0,0,0,0,0,0,0,0.5,0,0,0,0,0,0,0.5,0,0,0,0
1940 , Gone with the Wind,0.25,0,0,0,0,0.25,0,0,0,0,0.25,0,0,0,0,0,0,0,0,0,0.25,1
1940 , Dark Victory,0,0,0,0,0,0.5,0,0,0,0,0.5,0,0,0,0,0,0,0,0,0,0,0
1940 , Goodbye Mr. Chips,0,0,0,0,0,0.5,0,0,0,0,0.5,0,0,0,0,0,0,0,0,0,0,0
1940 , Love Affair,0,0,0,0,0,0.3333333333333333,0,0,0,0,0.3333333333333333,0,0,0,0,0,0,0.3333333333333333,0,0,0,0
1940 , Mr. Smith Goes to Washington,0,0,0,0,0,0.5,0,0,0,0,0,0,0,0,0,0,0,0.5,0,0,0,0
1940 , Ninotchka,0,0,0,0,0,0,0,0,0,0,0.5,0,0,0,0,0,0,0.5,0,0,0,0
1940 , Of Mice and Men,0,0,0,0,0,1.0,0,0,0,0,0,0,0,0,0,0,0,0,0,0,0,0
1940 , Stagecoach,0,0,0,0.5,0,0,0,0,0,0,0,0,0,0,0,0.5,0,0,0,0,0,0
1940 , The Wizard of Oz,0,0,0,0,0,0,0.25,0,0.25,0.25,0,0,0,0,0,0.25,0,0,0,0,0,0
1940 , Wuthering Heights,0,0,0,0,0,0.5,0,0,0,0,0.5,0,0,0,0,0,0,0,0,0,0,0
1939 , You Can't Take It with You,0,0,0,0,0,0.3333333333333333,0,0,0,0,0.3333333333333333,0,0,0,0,0,0,0.3333333333333333,0,0,0,1
1939 , The Adventures of Robin Hood,0,0,0,0,0,0,0,0,0,0,0.3333333333333333,0.3333333333333333,0,0,0,0.3333333333333333,0,0,0,0,0,0
1939 , Alexander's Ragtime Band,0,0,0,0,0,0.3333333333333333,0.3333333333333333,0,0,0,0.3333333333333333,0,0,0,0,0,0,0,0,0,0,0
1939 , Boys Town,0,0,0,0,0,0.5,0,0,0,0,0,0,0,0,0,0,0,0,0,0.5,0,0
1939 , The Citadel,0,0,0,0,0,1.0,0,0,0,0,0,0,0,0,0,0,0,0,0,0,0,0
1939 , Four Daughters,0,0,0,0,0,0.3333333333333333,0,0,0,0,0.3333333333333333,0,0,0,0,0,0.3333333333333333,0,0,0,0,0
1939 , La Grande Illusion,0.5,0,0,0,0,0.5,0,0,0,0,0,0,0,0,0,0,0,0,0,0,0,0
1939 , Jezebel,0,0,0,0,0,0.5,0,0,0,0,0.5,0,0,0,0,0,0,0,0,0,0,0
1939 , Pygmalion,0,0,0,0,0,0.3333333333333333,0,0,0,0,0.3333333333333333,0,0,0,0,0,0,0.3333333333333333,0,0,0,0
1939 , Test Pilot,0,0,0,0,0,0.5,0,0,0,0,0.5,0,0,0,0,0,0,0,0,0,0,0
1938 , The Life of Emile Zola,0,0,0,0,0,0.5,0,0,0,0,0,0,0,0,0,0,0,0,0,0.5,0,1
1938 , The Awful Truth,0,0,0,0,0,0,0,0,0,0,0.5,0,0,0,0,0,0,0.5,0,0,0,0
1938 , Captains Courageous,0,0,0,0,0,0.3333333333333333,0,0,0,0.3333333333333333,0,0,0,0,0,0.3333333333333333,0,0,0,0,0,0
1938 , Dead End,0,0,0,0,0.3333333333333333,0.3333333333333333,0,0,0,0,0,0,0,0.3333333333333333,0,0,0,0,0,0,0,0
1938 , The Good Earth,0,0,0,0,0,0.5,0,0,0,0,0.5,0,0,0,0,0,0,0,0,0,0,0
1938 , In Old Chicago,0,0,0,0,0,0.25,0.25,0,0,0,0.25,0.25,0,0,0,0,0,0,0,0,0,0
1938 , Lost Horizon,0,0,0,0,0,0.25,0,0,0.25,0,0,0,0,0,0,0.25,0,0,0.25,0,0,0
1938 , One Hundred Men and a Girl,0,0,0,0,0,0,0,0,0,0,0,0,0,0,0,0,0.5,0.5,0,0,0,0
1938 , Stage Door,0,0,0,0,0,0.5,0,0,0,0,0,0,0,0,0,0,0,0.5,0,0,0,0
1938 , A Star Is Born,0,0,0,0,0,1.0,0,0,0,0,0,0,0,0,0,0,0,0,0,0,0,0
1937 , The Great Ziegfeld,0,0,0,0,0,0.25,0.25,0,0,0,0.25,0,0,0,0,0,0,0,0,0.25,0,1
1937 , Anthony Adverse,0,0,0,0,0,0.3333333333333333,0,0,0,0,0.3333333333333333,0,0,0,0,0.3333333333333333,0,0,0,0,0,0
1937 , Dodsworth,0,0,0,0,0,0.5,0,0,0,0,0.5,0,0,0,0,0,0,0,0,0,0,0
1937 , Libeled Lady,0,0,0,0,0,0,0,0,0,0,0.5,0,0,0,0,0,0,0.5,0,0,0,0
1937 , Mr. Deeds Goes to Town,0,0,0,0,0,0.3333333333333333,0,0,0,0,0.3333333333333333,0,0,0,0,0,0,0.3333333333333333,0,0,0,0
1937 , Romeo and Juliet,0,0,0,0,0,0.5,0,0,0,0,0.5,0,0,0,0,0,0,0,0,0,0,0
1937 , San Francisco,0,0,0,0,0,0.3333333333333333,0.3333333333333333,0,0,0,0.3333333333333333,0,0,0,0,0,0,0,0,0,0,0
1937 , The Story of Louis Pasteur,0,0,0,0,0,0.3333333333333333,0,0,0,0,0,0,0,0,0,0,0,0,0,0.3333333333333333,0.3333333333333333,0
1937 , A Tale of Two Cities,0,0,0,0,0,0.3333333333333333,0,0,0,0,0.3333333333333333,0,0,0,0,0,0,0,0,0,0.3333333333333333,0
1937 , Three Smart Girls,0,0,0,0,0,0,0.3333333333333333,0,0,0,0.3333333333333333,0,0,0,0,0,0,0.3333333333333333,0,0,0,0
1936 , Mutiny on the Bounty,0,0,0,0,0,0.2,0,0,0,0,0.2,0,0,0,0,0.2,0,0,0,0.2,0.2,1
1936 , Alice Adams,0,0,0,0,0,0.3333333333333333,0,0,0,0,0.3333333333333333,0,0,0,0,0,0,0.3333333333333333,0,0,0,0
1936 , Broadway Melody of 1936,0,0,0,0,0,0,0.5,0,0,0,0.5,0,0,0,0,0,0,0,0,0,0,0
1936 , Captain Blood,0,0,0,0,0,0,0,0,0,0,0,0.5,0,0,0,0.5,0,0,0,0,0,0
1936 , David Copperfield,0,0,0,0,0,0.3333333333333333,0,0,0,0,0.3333333333333333,0,0,0,0,0.3333333333333333,0,0,0,0,0,0
1936 , The Informer,0,0,0,0,0,0.5,0,0,0,0,0,0,0,0.5,0,0,0,0,0,0,0,0
1936 , Les Misérables,0,0,0,0,0,0.3333333333333333,0,0,0,0,0.3333333333333333,0,0,0,0,0,0,0,0,0,0.3333333333333333,0
1936 , The Lives of a Bengal Lancer,0,0,0,0,0,0.5,0,0,0,0,0,0,0,0,0,0.5,0,0,0,0,0,0
1936 , A Midsummer Night's Dream,0,0,0,0,0,0,0,0,0.3333333333333333,0,0.3333333333333333,0,0,0,0,0,0,0.3333333333333333,0,0,0,0
1936 , Naughty Marietta,0,0,0,0,0,0.3333333333333333,0.3333333333333333,0,0,0,0.3333333333333333,0,0,0,0,0,0,0,0,0,0,0
1936 , Ruggles of Red Gap,0,0,0,0,0,0,0,0,0,0,0.5,0,0,0,0,0,0,0.5,0,0,0,0
1936 , Top Hat,0,0,0,0,0,0,0.3333333333333333,0,0,0,0.3333333333333333,0,0,0,0,0,0,0.3333333333333333,0,0,0,0
1935 , It Happened One Night,0,0,0,0,0,0,0,0,0,0,0.5,0,0,0,0,0,0,0.5,0,0,0,1
1935 , The Barretts of Wimpole Street,0,0,0,0,0,0.3333333333333333,0,0,0,0,0.3333333333333333,0,0,0,0,0,0,0,0,0.3333333333333333,0,0
1935 , Cleopatra,0,0,0,0,0,0.3333333333333333,0,0,0,0,0,0,0,0,0,0,0,0,0,0.3333333333333333,0.3333333333333333,0
1935 , Flirtation Walk,0,0,0,0,0,0,0.5,0,0,0,0.5,0,0,0,0,0,0,0,0,0,0,0
1935 , The Gay Divorcee,0,0,0,0,0,0,0.3333333333333333,0,0,0,0.3333333333333333,0,0,0,0,0,0,0.3333333333333333,0,0,0,0
1935 , Here Comes the Navy,0.25,0,0,0,0,0.25,0,0,0,0,0.25,0,0,0,0,0,0,0.25,0,0,0,0
1935 , The House of Rothschild,0.25,0,0,0,0,0.25,0,0,0,0,0,0,0,0,0,0,0,0,0,0.25,0.25,0
1935 , Imitation of Life,0,0,0,0,0,0.5,0,0,0,0,0.5,0,0,0,0,0,0,0,0,0,0,0
1935 , One Night of Love,0,0,0,0,0,0,0,0,0,0,0.5,0,0,0,0,0,0.5,0,0,0,0,0
1935 , The Thin Man,0,0,0,0,0,0,0,0,0,0,0,0,0,0.3333333333333333,0,0,0,0.3333333333333333,0.3333333333333333,0,0,0
1935 , Viva Villa!,0,0,0,0.5,0,0,0,0,0,0,0,0,0,0,0,0,0,0,0,0.5,0,0
1935 , The White Parade,0,0,0,0,0,1.0,0,0,0,0,0,0,0,0,0,0,0,0,0,0,0,0
1934 , Cavalcade,0.3333333333333333,0,0,0,0,0.3333333333333333,0,0,0,0,0.3333333333333333,0,0,0,0,0,0,0,0,0,0,1
1934 , 42nd Street,0,0,0,0,0,0,0.3333333333333333,0,0,0,0.3333333333333333,0,0,0,0,0,0,0.3333333333333333,0,0,0,0
1934 , A Farewell to Arms,0.3333333333333333,0,0,0,0,0.3333333333333333,0,0,0,0,0.3333333333333333,0,0,0,0,0,0,0,0,0,0,0
1934 , I Am a Fugitive from a Chain Gang,0,0,0,0,0.3333333333333333,0.3333333333333333,0,0,0,0,0,0,0,0.3333333333333333,0,0,0,0,0,0,0,0
1934 , Lady for a Day,0,0,0,0,0,0,0,0,0,0,0,0,0,0,0,0,0,1.0,0,0,0,0
1934 , Little Women,0,0,0,0,0,0.3333333333333333,0,0,0,0.3333333333333333,0.3333333333333333,0,0,0,0,0,0,0,0,0,0,0
1934 , The Private Life of Henry VIII.,0,0,0,0,0,0.2,0,0,0,0,0.2,0,0,0,0,0,0,0.2,0,0.2,0.2,0
1934 , She Done Him Wrong,0,0,0,0,0,0.2,0.2,0,0,0,0.2,0,0,0,0,0,0,0.2,0,0,0.2,0
1934 , Smilin' Through,0,0,0,0,0,0.5,0,0,0,0,0.5,0,0,0,0,0,0,0,0,0,0,0
1934 , State Fair,0,0,0,0,0,0.3333333333333333,0,0,0,0,0.3333333333333333,0,0,0,0,0,0,0.3333333333333333,0,0,0,0
1932 , Grand Hotel,0,0,0,0,0,0.5,0,0,0,0,0.5,0,0,0,0,0,0,0,0,0,0,1
1932 , Arrowsmith,0,0,0,0,0,1.0,0,0,0,0,0,0,0,0,0,0,0,0,0,0,0,0
1932 , Bad Girl,0,0,0,0,0,0.5,0,0,0,0,0.5,0,0,0,0,0,0,0,0,0,0,0
1932 , The Champ,0,0,0,0,0,0.5,0,0.5,0,0,0,0,0,0,0,0,0,0,0,0,0,0
1932 , Five Star Final,0,0,0,0,0,0.5,0,0,0,0,0,0,0,0.5,0,0,0,0,0,0,0,0
1932 , One Hour with You,0,0,0,0,0,0,0.3333333333333333,0,0,0,0.3333333333333333,0,0,0,0,0,0,0.3333333333333333,0,0,0,0
1932 , Shanghai Express,0,0,0,0,0,0.25,0,0,0,0,0.25,0,0,0,0.25,0.25,0,0,0,0,0,0
1932 , The Smiling Lieutenant,0,0,0,0,0,0,0.3333333333333333,0,0,0,0.3333333333333333,0,0,0,0,0,0,0.3333333333333333,0,0,0,0
1931 , Cimarron,0,0,0,0.5,0,0.5,0,0,0,0,0,0,0,0,0,0,0,0,0,0,0,1
1931 , East Lynne,0,0,0,0,0,1.0,0,0,0,0,0,0,0,0,0,0,0,0,0,0,0,0
1931 , The Front Page,0,0,0,0,0,0,0,0,0,0,0,0,0,0,0,0,0,1.0,0,0,0,0
1931 , Skippy,0,0,0,0,0,0.3333333333333333,0,0,0,0.3333333333333333,0,0,0,0,0,0,0,0.3333333333333333,0,0,0,0
1931 , Trader Horn,0,0,0,0,0,0,0,0,0,0,0.5,0,0,0,0,0.5,0,0,0,0,0,0
1930 , All Quiet on the Western Front,0.5,0,0,0,0,0.5,0,0,0,0,0,0,0,0,0,0,0,0,0,0,0,1
1930 , The Big House,0,0,0,0,0,0.3333333333333333,0,0,0,0,0,0,0,0.3333333333333333,0.3333333333333333,0,0,0,0,0,0,0
1930 , Disraeli,0,0,0,0,0,0.3333333333333333,0,0,0,0,0,0,0,0,0,0,0,0,0,0.3333333333333333,0.3333333333333333,0
1930 , The Divorcee,0,0,0,0,0,0.5,0,0,0,0,0.5,0,0,0,0,0,0,0,0,0,0,0
1930 , The Love Parade,0,0,0,0,0,0,0.3333333333333333,0,0,0,0.3333333333333333,0,0,0,0,0,0,0.3333333333333333,0,0,0,0
1930 , The Broadway Melody,0,0,0,0,0,0.3333333333333333,0.3333333333333333,0,0,0,0.3333333333333333,0,0,0,0,0,0,0,0,0,0,1
1930 , Alibi,0,0,0,0,0,0,0,0,0,0,0,0,0,1.0,0,0,0,0,0,0,0,0
1930 , The Hollywood Revue of 1929,0,0,0,0,0,0,1.0,0,0,0,0,0,0,0,0,0,0,0,0,0,0,0
1930 , In Old Arizona,0,0,0,0.5,0,0,0,0,0,0,0.5,0,0,0,0,0,0,0,0,0,0,0
1930 , The Patriot,0,0,0,0,0,1.0,0,0,0,0,0,0,0,0,0,0,0,0,0,0,0,0
1929 , Wings,0.25,0,0,0,0,0.25,0,0,0,0,0.25,0.25,0,0,0,0,0,0,0,0,0, Production
1929 , The Racket,0,0,0,0,0.3333333333333333,0.3333333333333333,0,0,0,0,0,0,0,0.3333333333333333,0,0,0,0,0,0,0, Production
1929 , 7th Heaven,0,0,0,0,0,0.5,0,0,0,0,0.5,0,0,0,0,0,0,0,0,0,0, Production
